return_id,transaction_id,return_reason,return_date
R00001,f8820c26-747d-43a5-9401-3e5ff29d85a3,Damaged,2026-04-27
R00002,a7a0563b-15fb-4dc5-a1f6-80bce90952db,Size Issue,2026-04-20
R00003,cfe3d61d-751f-47b6-b310-fb9722a657ae,Damaged,2025-12-11
R00004,2630ada1-8755-4ed2-920c-6487540c7600,Quality Issue,2026-04-09
R00005,2e8fafe7-97e0-4f08-940b-dc046e179fb0,Quality Issue,2026-04-28
R00006,edec74cf-4e09-454c-a4be-5e796077c2d1,Damaged,2026-02-08
R00007,7c6fb727-9e80-4837-a35a-06de7396e0f5,Quality Issue,2025-07-19
R00008,0a4c2303-bc24-409e-8e6e-9fb41cfd71f0,Changed Mind,2025-11-07
R00009,bdcef771-a419-46e6-bda5-4d2b5a02bece,Wrong Product,2026-01-12
R00010,b3643208-51a2-418b-b3ca-fb1b504a1abc,Changed Mind,2025-11-01
R00011,d00953dd-adde-4621-b636-3178ddffae07,Size Issue,2026-05-04
R00012,2b3cd927-e571-46a0-b7e9-798d8e812052,Size Issue,2025-12-23
R00013,99e74c5c-a280-4247-8b82-80b20a4f0b9c,Changed Mind,2026-02-14
R00014,b4bdd800-085a-424e-a3f7-3c13c7eb8db2,Wrong Product,2026-07-18
R00015,76e1663e-df60-47e8-bafb-bd742c22d01d,Size Issue,2025-12-02
R00016,abaf9986-6517-460c-b827-580642d2237e,Size Issue,2026-04-07
R00017,2b28ef99-7282-41bc-bce8-ffb919467821,Size Issue,2025-11-22
R00018,35ef4f01-0119-4c69-9163-aad25c202b01,Changed Mind,2025-08-01
R00019,4ee520f6-46d4-451f-8158-14a70a715d6e,Changed Mind,2025-08-08
R00020,b520dd52-78a6-4391-a9ea-b38354115970,Wrong Product,2025-10-13
R00021,2f22f7bc-dd45-4f79-bbb0-22e39a0f0fb6,Quality Issue,2025-12-14
R00022,1935aa02-b61f-4413-b5af-a958a300b309,Quality Issue,2026-03-16
R00023,b7242a60-b7c8-4775-96bd-8bc7703dcb6c,Damaged,2025-10-22
R00024,6ccccc02-e99d-4310-bc93-7ed88fa8b8d8,Damaged,2025-07-30
R00025,18e6247d-d9f0-48c1-a5a5-37f4782e449d,Quality Issue,2025-08-25
R00026,677544a7-a70b-4ad2-8595-afe912240f16,Wrong Product,2025-12-01
R00027,1f6bae5f-fc3f-46d9-b016-43aba23e2a31,Damaged,2026-04-14
R00028,4216bfe4-1bda-464d-a7d3-6a7adf6b9799,Damaged,2025-10-16
R00029,2716cdc4-2cfa-40d5-b2a0-413a3db9d06a,Changed Mind,2025-12-10
R00030,ac9a2a12-e83f-4d85-9e4f-b4f504c6e92a,Damaged,2025-10-28
R00031,2c81c472-4cb6-461f-864a-0cd10c74d158,Size Issue,2025-07-20
R00032,10cee7d0-6a0c-4341-afbb-32fe37099ee2,Size Issue,2025-09-29
R00033,6623ddd8-387a-4568-a267-bb9a80ab65dd,Changed Mind,2026-03-09
R00034,78769288-968b-4e35-802d-2572b176b9a8,Size Issue,2026-05-29
R00035,4ef2862b-e40f-42d3-9e80-30b1a2e44f4d,Size Issue,2025-10-28
R00036,debb9410-aacb-451e-ae2f-1854a90cb0f7,Wrong Product,2025-07-27
R00037,a5d1ba8f-fa26-4dc8-879c-142c78db6398,Wrong Product,2026-05-24
R00038,aff1ffd4-84ac-4029-805a-2db95497f7d4,Damaged,2025-09-25
R00039,f07315e6-4760-40d7-97a8-3eeed6859dfe,Damaged,2026-05-15
R00040,cedd714b-5ad4-4b4f-9c78-5dc51d67758f,Size Issue,2025-10-23
R00041,3e2621ec-df2d-4713-9c67-fd455577df42,Quality Issue,2026-07-05
R00042,7ea3184d-e549-4766-a2d7-1862600e3f8f,Size Issue,2025-11-23
R00043,2490289a-729e-4424-ba4c-9c9d040e446b,Changed Mind,2026-03-02
R00044,1db1b5d0-a4ed-4e41-8d1d-6915a3028236,Quality Issue,2026-03-09
R00045,1e152ecd-f934-4268-9c95-820e6cda4cca,Changed Mind,2026-04-22
R00046,e136c61c-3e06-46c6-95d7-337c0931a81e,Changed Mind,2025-12-16
R00047,4687f648-2112-42fb-8dc1-c0dde01337c3,Changed Mind,2026-06-06
R00048,5c87e830-c6a7-4eca-a84a-94c03c3165f5,Size Issue,2025-10-10
R00049,0fe2f394-5ad7-4fbc-8a19-04325208a149,Wrong Product,2026-01-15
R00050,3152e126-7244-4750-a3ec-3dac5e546182,Size Issue,2026-05-13
R00051,33441fd5-6ed3-40aa-9bd2-15a2b4692944,Wrong Product,2025-12-20
R00052,ba50210f-bd27-496a-8ef0-0b7be3579102,Wrong Product,2026-01-19
R00053,c3eb078e-9e92-4655-a02b-195850b074e4,Quality Issue,2026-01-30
R00054,d50c44de-9de2-4cef-ab8f-af4dd34d5749,Quality Issue,2025-07-24
R00055,d61e34b5-5760-4242-a3ac-33ddb1476f07,Quality Issue,2026-01-12
R00056,f96e1132-cd50-4b0e-8e19-e27bca5a9a88,Changed Mind,2026-07-02
R00057,a440baec-cebb-4dee-a677-e029a1f2c16e,Quality Issue,2025-11-16
R00058,a25af304-ed3f-44a0-b9b6-6f53fcd31663,Changed Mind,2025-12-28
R00059,a32c469d-2c4d-411c-b38f-1605245ffb7d,Changed Mind,2025-10-03
R00060,98af3ff4-aebd-43e5-9aa7-f8618c8180e1,Damaged,2025-08-03
R00061,bb36579b-b9d5-4968-8fec-ab3943f9a018,Size Issue,2025-09-03
R00062,e89764cf-c683-4174-9b51-76c002c3b38c,Size Issue,2025-08-15
R00063,f6211847-cb5c-46a1-85b7-9fe8ba9e6a3e,Wrong Product,2026-02-06
R00064,70c2c9bf-7e13-42f1-a65b-4916cbe57299,Size Issue,2025-09-13
R00065,842d531d-239b-4dae-99b7-9da42ad2057f,Damaged,2025-12-26
R00066,36608cdb-1922-446f-903b-e60efd0b1f4e,Wrong Product,2025-11-07
R00067,5cca76ab-59dd-466b-b828-ef9e00ddf0b6,Size Issue,2026-05-05
R00068,c20f772f-1299-407c-90a1-9c6e170b88d7,Damaged,2025-08-21
R00069,80dd2cad-198c-436e-9a0a-8c09ba63fca9,Quality Issue,2026-04-13
R00070,e4065dfe-ce3c-45e7-891b-7a920535192e,Size Issue,2025-12-28
R00071,9692b07d-3002-4304-8c02-507dc6e0d773,Wrong Product,2025-09-18
R00072,cd542161-b9e8-4cab-ad59-c5977231a182,Wrong Product,2025-12-07
R00073,80f854be-59c1-47c2-8fd4-685690f6fcbf,Size Issue,2025-08-01
R00074,721a6e9d-b989-4df4-b8ba-d4f373f45453,Damaged,2026-04-21
R00075,01f339d4-91c7-48b6-9210-a27bb9cb5bda,Changed Mind,2026-04-04
R00076,93c5f252-f6cb-4f4d-9b93-22e609a4ec44,Changed Mind,2025-09-26
R00077,1c550934-acbe-4f66-bd2c-e858a8249556,Size Issue,2026-05-21
R00078,d8d223a8-aee3-414f-b75f-86b9eeeebbf5,Damaged,2026-04-13
R00079,7de5368f-2a1a-490e-9739-d666cb2a5da4,Wrong Product,2026-05-09
R00080,2494c4bb-a020-405b-ba5d-c868c62d8a4a,Wrong Product,2026-03-19
R00081,52c5e314-399e-40a7-8712-3d717d05cb9c,Quality Issue,2026-01-25
R00082,74835ede-f1c4-48ef-ba0f-a2141e7c426e,Quality Issue,2026-03-03
R00083,991308a9-c350-455f-93db-873ce6c955cf,Quality Issue,2025-12-07
R00084,a36fb187-e937-414e-8cc3-decb1ec08fea,Quality Issue,2026-07-16
R00085,d59c6415-b42c-4c1b-8cdd-5dc2bb3e5866,Changed Mind,2025-09-08
R00086,f38d007f-73a9-4af0-a5fe-5bee8d26dadf,Quality Issue,2025-10-16
R00087,b88b3203-1bac-448d-a29c-fa8da40a8165,Wrong Product,2025-07-18
R00088,a8c135a0-650a-45c1-b491-a22bb231ae31,Size Issue,2025-10-17
R00089,d193954c-771e-4c06-af0a-30f3970c8a83,Quality Issue,2026-06-12
R00090,a83c4cec-04e0-4bae-b39c-cbbcdfc0bda6,Quality Issue,2025-11-03
R00091,a67541ac-ee9e-4438-8493-663913c1c99c,Quality Issue,2025-12-17
R00092,5cfbf372-e7e1-4666-b8f7-854d4da5b4f4,Wrong Product,2026-04-23
R00093,ddf7b9dd-5404-40d3-8a92-c204fbb3fad7,Changed Mind,2026-05-11
R00094,4483da21-baf3-4cf2-bada-c968d0f536c8,Size Issue,2026-05-14
R00095,147fdd54-cf8d-465b-8db2-b9ee08b67071,Changed Mind,2026-05-09
R00096,651150a4-92e7-4462-8a9f-946456ca6b0f,Quality Issue,2026-02-12
R00097,e5fe1ad9-bda5-4b40-8220-11871c9e3fc0,Damaged,2025-12-07
R00098,b3452d9d-2cce-4f7f-85f1-c4cca331c769,Wrong Product,2026-05-06
R00099,49dce7d4-ab4e-4109-83c0-1b3854bbebe9,Changed Mind,2026-06-04
R00100,8a014e3d-ece0-42f0-82a8-3abecd8ebacc,Wrong Product,2025-09-13
R00101,a9e6dc0d-b38e-4cbd-9c22-2656c5f4854d,Changed Mind,2026-03-04
R00102,a26fd384-b79b-4c50-848a-d89468737013,Quality Issue,2026-03-24
R00103,18a30173-ccdd-46ce-80c3-5f7711eafeff,Size Issue,2025-09-09
R00104,52867c2d-f288-445d-853d-600d00ff7e87,Wrong Product,2025-12-21
R00105,73b9b87d-3b61-4006-9dc7-f20442f27af9,Wrong Product,2026-04-03
R00106,0f71074e-7b39-445f-9bdf-6962fff07cc4,Damaged,2026-04-16
R00107,2e613375-da31-4c22-924a-2ae29f1275e4,Wrong Product,2025-11-18
R00108,3ee65552-3239-4c81-8ba7-63451a5a459e,Wrong Product,2025-07-30
R00109,9932a8aa-577c-4f1a-94c9-c4b8efd4ff97,Quality Issue,2026-01-13
R00110,063d6a50-c6e0-4333-b5e3-c1e27180ac7e,Damaged,2026-06-08
R00111,a6ad938b-98c6-4349-a3ba-d9e0ac3b27cf,Quality Issue,2026-01-24
R00112,67e73a35-2619-4004-aa32-9cba30a8bc2b,Wrong Product,2025-09-14
R00113,8d3aee0b-9d5f-49a1-8843-bb8b7f44d616,Changed Mind,2025-12-19
R00114,60ec674a-3a12-4d4f-9241-8fa16821044f,Size Issue,2025-09-02
R00115,538958d9-181c-46c3-9cd0-3cbb1d2d034e,Quality Issue,2026-01-19
R00116,f53101ff-05b3-4cfd-8ed6-fc44f1d42e41,Quality Issue,2025-09-09
R00117,a425b48a-b5db-4b17-9260-b34414ec4d2c,Damaged,2026-02-28
R00118,a41d40fb-e685-455d-9843-df2f86e3efdc,Quality Issue,2025-07-31
R00119,c6971c95-26b7-41d5-ac8a-b83457b5c96d,Size Issue,2025-10-26
R00120,9092d3e8-7bc4-4a6c-8ec9-3e0f013f0eeb,Size Issue,2026-04-02
R00121,b8bc1a9b-0401-484d-bd26-5fa129379703,Wrong Product,2025-09-07
R00122,ce1df663-720b-42d9-9f58-8ef8efccb273,Changed Mind,2025-12-18
R00123,8212f25a-b9c6-4d58-a1ec-c1f1671d03bb,Size Issue,2025-10-30
R00124,136b4a02-7e05-472b-a3b4-1004f5dde4b4,Wrong Product,2026-04-04
R00125,90b944c2-17c0-4a92-9434-9e0123802e55,Size Issue,2025-10-18
R00126,ade3e485-8adb-48f6-9e09-abdcf3448cfe,Wrong Product,2026-02-02
R00127,020ae8fe-716b-435b-be54-b8eaa2506fac,Changed Mind,2026-05-05
R00128,8bb0fa89-8574-4736-a72a-73fc571f4045,Size Issue,2025-12-09
R00129,fcd58a58-b2bb-4677-8c07-503c2ea23904,Damaged,2025-08-18
R00130,55b5c57c-151e-49c0-86fe-ffd7d069a3d3,Damaged,2026-06-15
R00131,c866c630-f5ae-40af-9427-b9aeb591c2a4,Wrong Product,2026-06-27
R00132,75789b5e-fcfc-499c-bf4c-b876c0850c31,Wrong Product,2025-10-03
R00133,e4d9598d-4f8b-43a4-ac44-48f5648cf827,Wrong Product,2026-06-07
R00134,23e14ab8-e678-44c2-bb4b-7db0d82e83e0,Damaged,2026-02-17
R00135,33772d19-a462-4e6a-a565-ab0d7cb18bf0,Size Issue,2025-09-29
R00136,03709c87-98e3-4aae-8905-4cdd4094f3ac,Wrong Product,2026-02-04
R00137,512fa431-0768-4dba-9190-90b5e94709a0,Damaged,2025-10-25
R00138,28535626-eaf0-4ca1-afad-16d827a0b1d1,Damaged,2026-03-03
R00139,e5581b6a-34ae-4229-b03a-b8aabf5bd63e,Wrong Product,2026-05-05
R00140,ca3673fe-12e5-45b7-8886-d032b505a3d6,Wrong Product,2026-02-04
R00141,dc3f8015-e8d3-4aff-908f-7a5c8bae9ba1,Quality Issue,2026-02-13
R00142,fc670b1b-9b8f-4be4-b2c2-30a7300b6ae3,Quality Issue,2026-06-09
R00143,05bb4ce5-b02c-4c0a-84a9-17f8d6c494d0,Changed Mind,2025-08-08
R00144,555d9d15-6b8b-4456-814e-ca67b8fa93c8,Size Issue,2025-08-07
R00145,51793dec-a746-4813-abe1-90555d751bad,Quality Issue,2025-11-18
R00146,f497fe25-748f-45ae-be28-49ad9b2e369d,Quality Issue,2026-01-11
R00147,df937543-459e-4379-8d0a-14c041f0413d,Changed Mind,2026-06-06
R00148,e25e4393-4aaa-4eee-bccc-b8ed7c1fcad7,Damaged,2026-05-21
R00149,b7bf6ada-e8d2-49fd-9263-c98163725560,Size Issue,2026-04-20
R00150,bdab60d2-2a37-47d2-acb6-bb43dedcc80a,Size Issue,2026-05-15
R00151,a6a122c4-cc84-4e59-8b7b-0ec2fe9fb1c0,Size Issue,2025-11-12
R00152,b5aeeaa7-bbad-49a9-8513-df7e08abf455,Wrong Product,2025-09-06
R00153,3a83d105-8feb-460c-a88b-e4fb0b61dc4a,Size Issue,2025-08-21
R00154,13e9d7b8-ec2a-4db2-af51-f6b1d5c1706f,Damaged,2025-09-11
R00155,304af55f-518b-4551-92b7-8fc7806f2824,Damaged,2026-03-14
R00156,4b7d8633-f73f-4ff0-9854-b5491cd1d53d,Damaged,2026-01-28
R00157,f90a30b7-2342-45e7-8b70-1893e0e67459,Size Issue,2026-03-19
R00158,196bdcb6-755b-4a8f-a04b-af9983e24aeb,Wrong Product,2026-05-15
R00159,3b6455ef-f7bb-4a22-ace7-2d1c6480d5f6,Quality Issue,2025-12-31
R00160,a227a187-d0c8-4963-98b0-e7df14d69241,Damaged,2025-08-22
R00161,389aeb83-4f7b-400b-b903-def36c06b0f5,Damaged,2025-10-12
R00162,d29165f5-ad6f-4330-8a84-4fe860a5c210,Size Issue,2026-07-12
R00163,1e7f7221-30a3-4fc7-813a-f937af34c274,Changed Mind,2026-03-05
R00164,8176873a-b7d3-455d-b5f3-a223bffebc4a,Changed Mind,2026-03-05
R00165,ae3fe91e-1a5b-456b-b0e0-654c663a376f,Quality Issue,2026-03-18
R00166,b908f4f0-83df-4f36-af47-d542b111b2d1,Damaged,2026-03-26
R00167,0ed8dbfa-509b-4a67-9d5b-4f9ca91549a7,Wrong Product,2026-01-13
R00168,d688ebba-6ba8-46d8-a066-b9f4021b79f5,Size Issue,2026-06-27
R00169,626a34e9-70fd-453e-a9bd-64a94b1e3962,Damaged,2025-09-08
R00170,6ec15e6e-f449-44e4-beff-163552c71907,Changed Mind,2026-02-28
R00171,770b7bbd-2399-4e8a-a20e-36e8a98d5d35,Changed Mind,2026-02-11
R00172,cebefaf6-49a0-4633-a88d-e1a958a585f2,Quality Issue,2026-02-26
R00173,690ad1e4-0e51-451a-9396-750ba6248172,Quality Issue,2025-10-02
R00174,0e2228e6-3cbf-448c-bbfc-93fe922d182f,Quality Issue,2026-03-07
R00175,6f6b486e-18ca-49c7-80b7-d95395ba52a4,Damaged,2025-10-10
R00176,6151e0c0-5866-439c-aaec-1176087d3a2c,Changed Mind,2025-11-14
R00177,258f5175-76d7-44cf-8779-4746f1de94c4,Quality Issue,2026-04-18
R00178,5affd967-8b5d-4fe8-a354-f704a7147770,Changed Mind,2026-03-22
R00179,c104e712-7555-4b4b-b18b-6748e7b3ad7b,Damaged,2026-06-27
R00180,29da5292-66df-40bc-b815-bf1e299e4c8f,Changed Mind,2026-05-16
R00181,42440435-b4af-48da-9705-a23881d4df58,Size Issue,2026-06-23
R00182,8c4d33b8-1b1e-4478-bffa-3bc9a3bd673e,Damaged,2025-09-05
R00183,d8a9b1f9-ae0c-4328-a54e-0ee7160b338e,Size Issue,2026-06-10
R00184,7432e1be-afa1-4453-9240-b292fafd276d,Size Issue,2025-11-07
R00185,2178d24d-b410-4c6d-819a-1ea930eaca2e,Size Issue,2026-06-25
R00186,aa287da9-0d7a-49eb-a790-de4415c645c6,Damaged,2026-07-17
R00187,fe9facd5-b52e-49da-9be1-f555a3fa846f,Size Issue,2025-11-07
R00188,8c97394a-5326-47fb-96ee-9bd399e830c5,Changed Mind,2025-09-14
R00189,e8efa739-144c-4f53-9bee-deaf4247f2e6,Changed Mind,2025-10-09
R00190,9b858bed-fea0-4f8b-b50b-eed3740594d4,Quality Issue,2026-06-16
R00191,d59abb5a-fd98-408a-998d-da2027cb5baf,Damaged,2026-05-28
R00192,85589393-cdd0-4a35-b73d-dc3994e0a27c,Changed Mind,2026-01-19
R00193,fbe0107e-5efd-4686-a41a-97c55910ffa9,Changed Mind,2025-12-19
R00194,2f8b553f-a6e7-40d6-b59d-882acf9d1dea,Changed Mind,2026-03-22
R00195,61f9826a-924e-4b38-9714-fc5df72b5632,Quality Issue,2026-01-09
R00196,3bf6dcdd-b9ad-4eca-9aea-41851685c65e,Damaged,2026-05-08
R00197,79eb1dac-15d8-42aa-8232-e7f0462c4611,Wrong Product,2025-10-27
R00198,bc022ec4-752e-4149-bf72-acf2c3eb120e,Damaged,2025-11-24
R00199,94a77012-553b-4881-a808-e26c404afa0b,Wrong Product,2026-02-11
R00200,9bedc0ad-a5da-49b3-934c-d9460ed0981b,Quality Issue,2025-12-18
R00201,19550798-570f-42cc-b273-cff924c13a94,Quality Issue,2025-09-20
R00202,10b5def8-6389-40e6-8156-52712c6488f7,Changed Mind,2025-12-27
R00203,a43bdbd8-a6dc-4397-8270-6bd7df77d384,Changed Mind,2026-01-24
R00204,0e487eae-9703-4954-a730-25f3d8f30c3a,Changed Mind,2026-02-13
R00205,1aa96e3b-d37b-4729-847d-9524ecab3128,Size Issue,2025-11-23
R00206,4327b3a9-808c-4c42-b832-5d027ffd8a1a,Changed Mind,2026-01-21
R00207,ab132902-1bba-412a-89af-604ab8b8637b,Size Issue,2026-02-17
R00208,14159e92-f34b-4d04-829c-cc5eba8d46e1,Wrong Product,2026-02-11
R00209,58f772a9-8fa2-4329-901a-a98a563b3988,Quality Issue,2025-11-21
R00210,e7442905-d4d9-4b05-a6cf-e97e2719937a,Wrong Product,2025-10-25
R00211,9254f768-7d14-489f-ae23-aaa0a177879d,Wrong Product,2025-10-06
R00212,82896480-4492-4351-9757-b9525011c787,Wrong Product,2025-07-30
R00213,211ce6aa-4518-4794-bd12-aaece0d2a3c8,Size Issue,2026-05-26
R00214,cd421bdf-d89e-4e5e-9e13-02fbdce3790a,Size Issue,2025-12-14
R00215,407feedc-0a23-492b-8c08-b39e757224f9,Changed Mind,2026-06-03
R00216,d144022a-0d70-4072-a7a6-29275088f3ef,Damaged,2026-05-23
R00217,a6ec554b-24f2-4036-add5-f3e8f36c6255,Wrong Product,2026-06-19
R00218,2d50aa9b-5b0a-4c76-9476-8c4bbad03f7d,Quality Issue,2025-07-26
R00219,6456e756-7bac-4293-b18a-c04f5280adeb,Changed Mind,2025-10-10
R00220,21a25505-df79-49a6-8343-385627df485b,Changed Mind,2026-05-03
R00221,efd2214e-8945-4f31-ba8e-b762b04d9236,Changed Mind,2025-12-16
R00222,42f5943a-c90d-4947-817b-3a13ac078d7b,Damaged,2026-06-01
R00223,7dd8898f-5d34-49c2-a086-ee8c71b413fe,Changed Mind,2025-08-29
R00224,68c00788-fc67-499c-899e-fac1f98bf3e0,Wrong Product,2026-06-10
R00225,f6d2fe68-c5d7-4f44-bbfe-82a2f7475347,Size Issue,2025-12-14
R00226,2985dd80-0008-4aac-aff2-de7d176207eb,Wrong Product,2026-06-25
R00227,308e01f1-34bc-4eab-b66d-5f97fb63b6f2,Wrong Product,2025-11-15
R00228,319e320c-bb3b-4187-9276-262156590eeb,Damaged,2025-12-31
R00229,24cd56a0-cd38-48af-b6e8-d8e061f79fd9,Damaged,2026-06-10
R00230,7dc19bdc-930f-40d9-a283-c861bcfd35c1,Damaged,2026-05-04
R00231,ef2a5737-74cc-421b-964d-f6b90dbca243,Damaged,2026-02-06
R00232,99b38cca-a166-4722-97ff-3a8ff5e5a11b,Damaged,2025-09-21
R00233,e134a568-49e2-4749-abed-4c2f03a7dba6,Damaged,2026-05-16
R00234,52e228e5-a29e-4bb8-8276-deee2df7f413,Wrong Product,2025-11-13
R00235,dbbdc657-5ddb-42d1-9424-3f11591e5b96,Changed Mind,2025-10-29
R00236,f177cfdf-5d82-4225-8028-3afa301a76c4,Changed Mind,2025-08-27
R00237,c74ecb7c-43af-4b37-9072-72003ed87ddd,Wrong Product,2026-04-07
R00238,90524e2e-e6ec-451f-97f1-eaf8fd5e0d08,Quality Issue,2026-05-02
R00239,99b4f6c9-0925-4de8-b980-c1f00cc94231,Wrong Product,2025-12-05
R00240,af40f7d0-9c11-4708-ab6c-b2854d284aa1,Wrong Product,2026-05-09
R00241,30c33fa0-b721-44e2-a90c-ececfe1519ff,Wrong Product,2026-05-19
R00242,538c6d45-0e8e-4536-8267-99d92b75cb83,Damaged,2025-12-10
R00243,1094f4b7-67ec-48e3-be9e-4d411d0b6407,Wrong Product,2026-04-21
R00244,08e5e363-2c80-4e35-a41b-aa5c28bc755e,Changed Mind,2025-11-01
R00245,92711230-0a49-4687-a8fb-67da695921f6,Size Issue,2026-01-18
R00246,11546f5b-2f39-4126-a652-b2446bbcf06d,Damaged,2026-03-05
R00247,fdb04737-1219-4408-bb04-5d3a57f121d7,Quality Issue,2026-03-03
R00248,94e2e7d6-3ea5-4870-b9d3-0358f1190bb6,Changed Mind,2025-10-02
R00249,e5ff2bea-5e00-42ee-827b-081df850ba33,Size Issue,2025-11-18
R00250,ae094f1a-21a3-44f5-bf74-0544b9833ac4,Quality Issue,2026-04-20
R00251,9ba2f7ed-e567-47c5-9f4f-82b9a8667bbb,Quality Issue,2026-02-07
R00252,0b3f6ace-85ed-4144-b518-e5ccb4039df7,Quality Issue,2026-03-11
R00253,8f36edb4-4fc3-4fb3-afff-9242d5cdf113,Wrong Product,2026-03-07
R00254,1acb2082-f55d-49d7-82c5-28565b19f8ca,Quality Issue,2026-03-29
R00255,75f49b2f-ae27-47d4-a789-7293fb04ce9c,Wrong Product,2025-10-11
R00256,549f4671-6759-41df-84e5-3417d9d1cac2,Size Issue,2025-12-20
R00257,f7e5c931-b541-4d66-8fec-787f8f228217,Size Issue,2026-01-24
R00258,91cdad60-3322-4d8d-9142-54163955e766,Wrong Product,2026-02-06
R00259,96dbf5b9-90c6-4708-9ed1-ec92791a7357,Size Issue,2026-07-22
R00260,e4f4327c-c58b-47e0-a6e7-1ac6caaa35b4,Changed Mind,2025-08-16
R00261,8248084d-98a4-4044-a966-1bcfbf689e83,Wrong Product,2026-02-28
R00262,8d42e846-e5e7-4b37-be70-d88fd7a82360,Quality Issue,2026-02-02
R00263,c4b8f583-377e-4bc5-9b54-330d2c955ac1,Size Issue,2026-06-08
R00264,c23fc35f-8702-45a8-8b26-c093f8cf3e76,Size Issue,2026-05-25
R00265,044ad3d3-d5b9-457e-a662-e81101cff2a8,Wrong Product,2026-02-22
R00266,da4d3f4b-33e9-4759-91be-30463a9210f8,Wrong Product,2026-06-29
R00267,2c7f4c46-2792-48ed-a460-14c18aa925bc,Quality Issue,2025-11-28
R00268,e84329d0-62a2-4dda-9fd5-d57f77899285,Damaged,2026-02-14
R00269,c06335f3-e312-4abe-b158-e14921137aeb,Size Issue,2025-07-08
R00270,8d392fa3-ccbe-41aa-a3a1-516e7ce588dd,Quality Issue,2025-10-19
R00271,7442bbb3-12c1-42dc-9cae-2526c5f8850f,Damaged,2025-08-02
R00272,9e67f488-bda1-412f-beb0-448d1cf07a5a,Size Issue,2026-01-08
R00273,bb25f883-b3e6-4144-8ba1-7756eaf5687d,Wrong Product,2026-03-26
R00274,4050591d-3fce-421d-bc24-fb12d66b5211,Changed Mind,2026-02-07
R00275,b1557c30-01d9-421b-bfb7-7e29115d9285,Wrong Product,2025-11-16
R00276,92719c38-0361-4d6f-89e9-5792f6dc4a65,Quality Issue,2026-04-26
R00277,43760024-0759-4425-87b4-5c8fed15bf1a,Changed Mind,2026-03-26
R00278,25205024-3b86-49e2-8ce4-01e99a370689,Wrong Product,2025-10-04
R00279,599435ae-2237-486c-9f95-76cad11dd5f6,Changed Mind,2025-11-01
R00280,bfac29b1-d9db-449e-899d-141c0e0b1839,Damaged,2025-08-15
R00281,ef69768e-4874-43f5-a0e7-24816ce283b2,Size Issue,2026-06-23
R00282,ec076334-e8b7-4be3-8795-0d8461f55a36,Damaged,2025-08-02
R00283,4d7b640a-f7b2-445c-b9d6-7a78da8efcfb,Changed Mind,2026-03-24
R00284,7256d05f-f0ed-4834-a420-3ae18c4c2e27,Quality Issue,2025-10-14
R00285,f746bcc6-6406-4da2-863a-59fa5f088a84,Changed Mind,2026-03-17
R00286,5ebc6a9f-c304-4d55-ae46-5515b56f9fa6,Size Issue,2025-11-09
R00287,18f76a42-697e-4805-bd9b-08d18514bf3e,Wrong Product,2026-01-31
R00288,da567699-1566-4363-937b-05d9c3704ec5,Wrong Product,2025-10-17
R00289,42dadbf9-25ad-4f38-865c-499b94c8a49d,Changed Mind,2025-11-01
R00290,45ee2b41-9d03-4e7e-a95d-b54171abb08c,Quality Issue,2026-02-19
R00291,1779c0ec-0e5a-462c-97a1-324eeb74dea3,Damaged,2026-05-26
R00292,fb870e9c-376a-4dd2-b2a6-96c86db9e045,Damaged,2025-07-17
R00293,76c87320-f6df-42b0-93a4-d7aa816f4741,Changed Mind,2026-02-09
R00294,fd08750d-8bb4-4213-8653-c34ce38c09fd,Wrong Product,2026-06-20
R00295,7846f46a-15b6-4aca-b57e-e2527a566920,Changed Mind,2025-11-20
R00296,5cde91ab-5d22-42a8-a628-6b3a5d52f372,Size Issue,2026-04-30
R00297,0233922b-cbb0-417c-b45d-c1fcb5e63a97,Wrong Product,2026-06-07
R00298,6ee97b07-38ba-4727-9fbb-a3f75cf899f8,Changed Mind,2025-11-16
R00299,465e0b23-a94c-48ee-b191-00ad5f99cfdd,Damaged,2026-02-23
R00300,29be10aa-7a16-410a-84ff-a3e713299f25,Changed Mind,2026-03-30
R00301,04f4ce58-908e-4b84-b27c-c61c3627d384,Size Issue,2026-05-26
R00302,da5f7308-30f5-4173-8534-f38a0395fbb1,Damaged,2025-09-17
R00303,1b4604bf-744a-436a-876c-73088d09e86c,Changed Mind,2025-08-28
R00304,6d2f5192-0f06-46a8-b799-f336eb83e6f5,Damaged,2026-03-31
R00305,caf52aaa-772b-43dc-8dd8-783f5d19bb32,Quality Issue,2025-12-16
R00306,4d394033-fa81-4ee0-a719-76c34d58eb5d,Damaged,2026-06-08
R00307,0cf7e7d3-dbda-42f9-8ced-c5fbb6d682e5,Changed Mind,2025-11-11
R00308,1c34a21b-5330-4f8f-bef1-365d95063289,Damaged,2026-03-22
R00309,77363a81-1649-4454-a476-4cc512645852,Damaged,2026-05-19
R00310,5d0ee2da-4d64-4975-ab6e-e284d94cca37,Quality Issue,2026-02-09
R00311,52909082-a672-4621-b76b-9afd4570d316,Damaged,2025-10-28
R00312,862b2eca-0ed8-482f-ae6e-812f5df4d2f4,Quality Issue,2025-11-02
R00313,590a60c9-0f35-4035-b84a-793da8e21c15,Size Issue,2025-09-06
R00314,915c1942-b9e7-49b8-920a-0a372c51c65b,Changed Mind,2025-08-13
R00315,da70a9db-6b04-4fe0-adf3-d3ee41ef3c03,Damaged,2026-05-09
R00316,3cc0405a-e9d3-42cd-a65b-e3b6015a1883,Damaged,2026-07-20
R00317,a20d313f-bca3-4166-a33a-7ccaf8e409c5,Damaged,2025-10-01
R00318,a812c0ec-5bc9-4030-b960-d0f97bb5dbfc,Damaged,2026-04-09
R00319,d241087b-d135-431c-96d6-d008450b4eb3,Changed Mind,2025-12-14
R00320,3192e9f5-1c7f-4ca0-9a6d-7ad2b09764e6,Changed Mind,2025-12-28
R00321,a6ce7918-6b39-4185-8421-4e2ddca4d9ad,Wrong Product,2026-02-24
R00322,f8fd55e2-6f8c-4a53-b5fc-90643e952f6c,Damaged,2026-06-14
R00323,c81b07d8-0fd1-43a6-a74a-37b05d2fc753,Wrong Product,2025-10-08
R00324,a7f4fc46-7e2c-4485-89ed-6d4e1f1c4180,Wrong Product,2026-06-18
R00325,2d5868ee-3c12-4f6a-9d7f-857f25e945ff,Size Issue,2025-11-09
R00326,b52b1cd1-64dc-465b-ae99-c8482887e6c4,Size Issue,2026-06-21
R00327,60ec88e9-26bb-4c4c-be79-ca1c0d393a1d,Wrong Product,2025-11-14
R00328,b22499ba-6930-49ed-9e5e-aa14c681a08c,Quality Issue,2025-09-23
R00329,9258333e-e10e-45f0-83d9-8a0675fe4769,Quality Issue,2026-02-17
R00330,98fb4e84-2fa6-4edc-a392-e2827526f08a,Quality Issue,2026-06-26
R00331,967030a0-0f1a-44ec-81dc-4b4d003b90d8,Wrong Product,2026-02-11
R00332,70615ed8-fea7-4a2f-9d5b-a3a901d1bebc,Quality Issue,2026-03-17
R00333,9488c1d6-faa3-4e09-83b6-8c650462b7e2,Quality Issue,2026-01-12
R00334,20405c28-b8d8-4658-9b69-a8e8c6ae6524,Damaged,2025-12-08
R00335,16febbae-d3dc-412d-b524-fb3a79b0d8a4,Size Issue,2026-01-25
R00336,f057186c-bf00-4b50-a57d-3cfb66950f49,Changed Mind,2025-10-19
R00337,7fe3aab0-3f5f-40fb-be5e-0317c7c0804d,Quality Issue,2026-01-04
R00338,3333ff10-90a4-4938-ac7d-6ee1ca92973a,Quality Issue,2026-05-24
R00339,979def2e-40b8-4292-aad3-34331a81768f,Quality Issue,2026-02-07
R00340,f6b4c818-0e64-494e-9a4b-dfde41024910,Wrong Product,2026-05-14
R00341,885b116b-b097-47db-aaa7-80896d6b82b0,Quality Issue,2025-10-03
R00342,ceec8752-19ea-40a0-84e1-c4194bbd6269,Damaged,2026-03-21
R00343,3bd0e5e2-db47-43af-aebe-97bf5295231b,Quality Issue,2026-02-15
R00344,55d3d53a-e0c4-4f59-b79a-3e714c985e30,Damaged,2026-06-30
R00345,45758bad-e702-421b-b265-85c78376b852,Damaged,2025-12-03
R00346,e848595d-ab9f-4111-8b7e-621d2a24d65e,Size Issue,2026-02-24
R00347,c01612b4-eb2f-4458-8a04-07d978533657,Quality Issue,2026-02-26
R00348,4286854f-678a-4ab6-90fb-ae7dadebbe2a,Damaged,2026-03-18
R00349,4ddc25c3-0ee0-465c-b793-2bd12d4771d0,Quality Issue,2026-07-10
R00350,0e40e335-0fdc-4f22-9524-879ef6aab080,Wrong Product,2026-03-01
R00351,044b1430-e1d2-4a88-a4e8-07152cb2a138,Wrong Product,2025-07-29
R00352,09059b4e-7664-4eba-bfa6-6d502afeeefe,Changed Mind,2025-07-15
R00353,9fc178c0-299a-48d4-838a-37d77cec2cd4,Damaged,2025-12-11
R00354,86728291-7b6f-4b40-a1ec-9aee798dd584,Damaged,2026-06-05
R00355,ab4be90f-6b5a-48fb-ae44-c70cefc902c8,Changed Mind,2025-07-20
R00356,5576caab-f7a0-4825-95e8-1a777227097b,Size Issue,2025-09-17
R00357,4da3aeee-8ae5-4d01-9d87-d7dc74b63f6c,Size Issue,2025-12-12
R00358,7ae394f9-2995-49e4-a905-db3ae526ebb0,Wrong Product,2026-06-29
R00359,4a2075b7-5ee7-4381-bfc3-4097711f77d1,Damaged,2025-08-19
R00360,1a618822-eea7-4a9c-8ed8-738e6f36dbff,Changed Mind,2026-04-02
R00361,9dea4d03-36f3-4350-8796-73d2382d3644,Wrong Product,2026-03-31
R00362,b1ff208f-e42c-485e-8a5a-1ad81a8f642f,Quality Issue,2026-02-27
R00363,9203df91-bb69-4f98-b784-b23ad3f49d6b,Wrong Product,2025-08-28
R00364,099fb271-e805-4e89-8fbd-ad83de5053a6,Quality Issue,2025-11-08
R00365,51eee639-a6b6-4777-90fa-1e5ded99752f,Wrong Product,2025-11-07
R00366,bc68ab0c-d3dc-4532-b10d-27e8779df076,Changed Mind,2026-03-05
R00367,c07297f7-776d-4b01-a9cc-baa07873f4fa,Quality Issue,2026-05-21
R00368,0b797f79-dd60-4fc5-9ab3-fd9055d1aba3,Damaged,2025-12-15
R00369,59a8c5f4-a9ec-4179-be2b-b405e0efed66,Size Issue,2025-08-26
R00370,0100174e-c7fc-4e81-a674-8941ca72c8fa,Changed Mind,2026-01-28
R00371,ab189496-28ad-4f7c-a4f6-cc61c59c8fe9,Quality Issue,2025-12-19
R00372,d394714f-b7d7-4df8-99d4-ef178b20bc67,Changed Mind,2025-10-03
R00373,276dc03f-3836-4412-86b1-e085bf86ec17,Damaged,2026-05-07
R00374,49b79fc3-fff7-484e-8fbd-2b66c90bab7d,Wrong Product,2026-06-11
R00375,b1d79dc4-ed77-4de5-9a27-a6dc965a49e5,Changed Mind,2025-07-29
R00376,53504501-2eaa-4ea2-8766-645949905073,Changed Mind,2026-06-13
R00377,15f6ee9a-8fae-42f5-8e22-e90553bdb540,Size Issue,2025-12-06
R00378,90702828-f38c-46ce-99dc-75b3322d0dc2,Size Issue,2026-02-10
R00379,8fccc436-d6ad-4b37-b8db-600170282b9a,Damaged,2026-02-11
R00380,97f176d5-33f7-4b15-8150-e659a6c1de92,Changed Mind,2025-08-20
R00381,1ac7b862-68ee-47d1-9c4e-462b6ce781b7,Size Issue,2025-09-29
R00382,598b9e82-dcc4-4653-ba96-100321e77482,Damaged,2025-07-18
R00383,6695eb08-ab72-4d6d-b3e7-fac87763e838,Size Issue,2025-08-09
R00384,8401f9d1-f5ca-4884-8cf9-9db95ecb0d30,Changed Mind,2026-04-08
R00385,dc218541-0d96-49c7-8676-b569e3a0f4c1,Quality Issue,2025-12-17
R00386,bda13201-2893-417d-bf2f-746b12f35f46,Wrong Product,2025-08-27
R00387,4e2e46d3-1f8b-418c-b167-6146b14bf632,Damaged,2026-06-11
R00388,b8f7f468-2f82-4bb5-bf86-5f81c7948468,Damaged,2026-02-17
R00389,e912bd93-ad3c-481b-a5c2-a2580ccd5f3b,Changed Mind,2026-06-10
R00390,519589ea-0c62-435e-8e6c-15377d15d103,Changed Mind,2026-06-24
R00391,43628ca8-059a-4b63-acac-0a04ab13be38,Quality Issue,2025-08-20
R00392,0c683607-7772-4dcd-9c8b-bbe9408f500d,Damaged,2026-02-02
R00393,13978b06-2c38-44ad-8432-2baf47d9e3dc,Damaged,2026-06-21
R00394,bee1a20e-28e6-48ae-9ed6-dc09ce41d541,Wrong Product,2026-02-15
R00395,d1a33308-9ba3-4e3d-8299-2b6910e02aff,Changed Mind,2025-11-11
R00396,a544a37c-4c51-42c8-a4d3-4fefc08dd739,Size Issue,2026-04-09
R00397,a607ecb8-c000-4e6e-9681-c955a4a9ebd7,Damaged,2026-03-14
R00398,5a0ee48f-942c-4eb2-98e1-6eb5fb291ac6,Size Issue,2026-06-25
R00399,20f1a603-5c1f-4bd8-a3a8-4de78947b52a,Wrong Product,2025-08-20
R00400,6bb42f00-4e4c-4130-80a6-2b821bd738bc,Quality Issue,2026-06-26
R00401,9d556707-a504-4317-a635-fe4f1f3fb7c3,Damaged,2026-05-16
R00402,1f53c5c0-9add-44c8-b833-530b3f8e3d19,Quality Issue,2026-03-17
R00403,a6b3ec82-bf90-47e6-86fe-0be3aacacd55,Wrong Product,2026-06-08
R00404,274c52f1-8709-41cc-98c8-bbddb549f124,Wrong Product,2026-06-14
R00405,de5670ae-5aa8-4122-9f9e-248e34c8f128,Changed Mind,2026-04-28
R00406,90dbb2a8-c55d-4f2e-8285-9efb39a590c1,Quality Issue,2025-08-10
R00407,1668e5eb-8b39-4d22-8b8e-8b10bd1fd6ad,Size Issue,2025-12-06
R00408,b5f05a46-2578-455f-b8da-45613ce05d51,Wrong Product,2026-03-16
R00409,1f434325-fbd7-4005-be19-3f07f626393d,Changed Mind,2026-01-02
R00410,76934515-b280-4e6f-a5b7-9829df78e8f1,Changed Mind,2026-04-06
R00411,89b1afad-9601-410f-baff-49bb36a65777,Wrong Product,2026-03-06
R00412,84b75dce-46e3-4ef4-887a-b4b1e956d74c,Wrong Product,2026-07-20
R00413,340ccfe9-d09d-4fe8-b90d-4441b7ba6efa,Damaged,2025-07-16
R00414,45ec7d7f-f9a4-454a-b023-88dbb3355459,Quality Issue,2025-11-13
R00415,7e478369-0437-49ca-8085-3a49a2cc2eeb,Quality Issue,2025-08-04
R00416,9c4d8a0a-9b53-4f70-95dd-d60a4b0b5f6e,Changed Mind,2025-10-28
R00417,de5b125a-4ea5-4eb7-9c46-81327defe208,Changed Mind,2026-04-24
R00418,d07e4344-ed28-43a8-abab-e2c7d549ac36,Damaged,2025-10-19
R00419,1ef8bd8d-8abd-47b9-80b6-c304708d8989,Changed Mind,2025-11-16
R00420,06a31e2a-532b-4fc0-b806-0477e04f0843,Quality Issue,2025-08-03
R00421,63fdd5c5-20bb-416d-b299-25b39aa9eb70,Quality Issue,2026-06-26
R00422,759b6887-7c0a-4c72-94fb-67480e2db5e5,Size Issue,2026-05-08
R00423,a7355155-8e72-4219-bcb4-7ffc2e9179ff,Changed Mind,2026-01-19
R00424,fd869e01-413c-4432-abd3-996df071bc7b,Changed Mind,2026-05-20
R00425,1976778c-33fd-4dc9-add2-2d0e477b1596,Size Issue,2026-01-03
R00426,f4c62967-ffcb-4b04-95ef-771199d90b3b,Size Issue,2025-11-23
R00427,925a3cbe-a52a-4bf7-ab31-96722f6f6150,Wrong Product,2026-04-15
R00428,dd63d7b2-d92f-4e65-a50e-aafa019180bd,Damaged,2025-12-16
R00429,daefd3de-69a2-493b-98ac-12a20ce4ef59,Size Issue,2025-08-21
R00430,5340b145-4665-4693-b9cb-880289460089,Wrong Product,2026-01-26
R00431,08b1abe5-7fcb-4a32-8ce3-0bda787cd366,Quality Issue,2026-01-05
R00432,9a8f5223-e6cd-4599-95c7-9aece865b393,Changed Mind,2026-05-25
R00433,f96ffb1f-9977-4c47-a51c-e3840af707e7,Quality Issue,2025-09-08
R00434,b74ca0db-84d6-4e64-b810-827e701d53ba,Quality Issue,2026-03-16
R00435,d47e71d9-d810-4007-8665-58d451c42aa1,Quality Issue,2026-05-07
R00436,bbaea5a2-7dff-44a8-ad2a-57b1f0fcc2bd,Changed Mind,2025-08-12
R00437,34a6e4b3-36a5-4f79-9475-12f00f3acc82,Quality Issue,2025-12-04
R00438,0b8a390d-d20c-4982-946e-f1694e56ffbd,Changed Mind,2025-08-20
R00439,0cacce64-6e1b-4401-8ff5-b5ec3a78cb0c,Wrong Product,2026-01-31
R00440,a4eb64b3-b89c-4011-81d9-99209d20feda,Size Issue,2026-02-18
R00441,17aae5b1-4790-42fc-b805-c8c7b3995b67,Changed Mind,2026-05-23
R00442,60bd6b53-b744-4039-a903-7ef1d00c907a,Changed Mind,2026-01-21
R00443,db044808-1b8f-49a6-8393-1c1b1a7a3013,Damaged,2026-06-12
R00444,df59d92b-71d2-4987-af60-5ea70ff16186,Changed Mind,2025-12-08
R00445,d1af0ab8-8820-4b8d-83f8-c4bd7a802dff,Size Issue,2026-07-20
R00446,e42a05ab-aa99-4809-8697-8f6b18f6c918,Changed Mind,2025-11-27
R00447,206a99b0-5025-4163-9674-99e7f8904162,Changed Mind,2026-01-10
R00448,84d0354f-6eb2-48cf-b5d0-7671fd5f063d,Wrong Product,2026-06-28
R00449,642c1dc5-64e7-4720-98e8-5f898ec50c3b,Changed Mind,2026-04-14
R00450,eaa9daeb-a46f-46b7-8167-517ea7783e0b,Wrong Product,2025-09-23
R00451,3ef24c6b-c344-4f11-ac79-dddb9ddaf818,Damaged,2025-09-19
R00452,1b251bba-40e6-4792-bd9f-a00643199df3,Size Issue,2026-07-06
R00453,c80c7169-3b27-4184-b2f2-8fb53a362227,Size Issue,2025-12-31
R00454,dcf852c6-f092-442d-870f-ed840c10d1c6,Wrong Product,2025-09-06
R00455,29f40cfe-bb57-4ec8-8b5a-1ea642a2086b,Changed Mind,2025-10-21
R00456,9e549831-7576-4c99-941d-a9f1f27ccff7,Size Issue,2026-05-31
R00457,fb8b42a3-c5c4-46ef-9efe-19fdb20a386d,Wrong Product,2026-02-04
R00458,8387c75e-1b7f-41dc-aed8-ee0cfc116e71,Changed Mind,2026-01-04
R00459,501dc87c-ce38-4026-b2c5-c6855d73c014,Wrong Product,2025-12-21
R00460,94bd940a-02aa-4616-834b-8ad2275c0268,Wrong Product,2026-02-27
R00461,07004137-5d57-4f95-9965-5882da4a38fd,Damaged,2025-10-13
R00462,9933447a-325d-499a-b36c-7265f497d6ae,Quality Issue,2026-05-11
R00463,966dacb0-3db1-422d-ba42-ac3a740d092f,Quality Issue,2025-12-29
R00464,881b2883-3662-40a6-af9b-9d3d1c468fbb,Quality Issue,2025-12-09
R00465,e9bc8383-b372-4ee4-93ce-cc14449e83a7,Size Issue,2026-02-14
R00466,642deb82-f4e6-4e6c-b0d1-21b871bb44dc,Size Issue,2026-06-05
R00467,85c9c3e0-ed96-43e8-8f4e-6b1985915235,Damaged,2026-03-26
R00468,185fde41-6ba6-4a76-a7ee-d30d9c958d21,Changed Mind,2025-07-24
R00469,954b67e0-282d-4dd6-bff5-3045639983ce,Quality Issue,2025-08-11
R00470,1fd06a1a-1291-441c-b20e-804bfd2ed9d9,Quality Issue,2025-11-08
R00471,082bdd93-0f75-4971-8093-a88b7fd7083a,Quality Issue,2026-03-15
R00472,3bc8366b-291c-4ad9-8092-1283eb45dcb0,Wrong Product,2025-07-11
R00473,5abb421f-02df-4642-8b72-11ce4e6c1e85,Quality Issue,2025-08-12
R00474,859d68f2-87d2-4b2a-88c5-02d2b9fc3e14,Damaged,2025-08-31
R00475,c2b26772-619c-40e0-8757-cb3b94aa0b77,Changed Mind,2025-11-29
R00476,c0513d74-8e2f-4f97-8bba-c9effcb4bb59,Size Issue,2025-10-01
R00477,764eada8-696c-46f0-864b-dc32a5ca556b,Damaged,2025-11-12
R00478,8081e6c9-592a-4e32-b5df-4d25141740d1,Changed Mind,2026-06-20
R00479,6379e9c4-275f-4398-8e4a-213f1b007afd,Changed Mind,2026-06-30
R00480,36a941b7-cd35-4b7e-ac30-9443e880e5d4,Damaged,2025-12-12
R00481,f5c9d400-1e95-4772-a979-7a72f23042fc,Damaged,2026-06-04
R00482,431cdc50-fb83-4462-9c46-355bd7e69cd3,Wrong Product,2026-05-31
R00483,70724497-f63b-49f1-b11b-8319a20e6aae,Damaged,2026-01-06
R00484,19acd277-2437-4cf4-9647-e8407a0ae2f3,Damaged,2026-01-31
R00485,94a33e1c-3974-4613-aafe-9b562622ff22,Changed Mind,2025-11-01
R00486,d49d8499-a344-4c4a-8186-da0ec694dfc2,Changed Mind,2025-10-24
R00487,35643dea-0bc0-48b6-94b4-a66a8615f0bc,Damaged,2026-01-10
R00488,08c13f15-f10c-4021-abf1-6e359dbe53af,Quality Issue,2026-07-08
R00489,016a0f1d-2dd7-40b2-aca4-49ebdfb7bc3a,Quality Issue,2026-04-13
R00490,80d40c4e-738f-4ddc-a9c4-17009e74ddcd,Wrong Product,2026-04-14
R00491,7787a452-9303-4a45-95d9-f00c547cab37,Changed Mind,2026-05-27
R00492,4e573daa-087d-4ca8-afb9-25d618f8e881,Size Issue,2025-08-08
R00493,45a23ae5-a659-4565-8685-f048ab67f75d,Changed Mind,2026-01-19
R00494,e7ef153b-a52a-4726-a0ed-e52900e22eb0,Quality Issue,2025-12-27
R00495,2e8c7233-66af-4e4c-8535-9b63829e1528,Changed Mind,2026-06-02
R00496,e75e96af-5764-4f32-8faf-6228c35ec763,Damaged,2025-07-16
R00497,a3049c10-9239-4e85-a42d-160ec33535e1,Changed Mind,2025-10-08
R00498,e8f01727-6091-42f0-8c1a-e18d4d3a2408,Changed Mind,2025-12-30
R00499,07d0bbc2-3bf6-437e-9d57-4d12daffc771,Damaged,2026-01-22
R00500,07e7c329-b8a8-45d1-b031-188e04e6ffc0,Changed Mind,2026-04-28
R00501,d733642d-2ed8-492d-8c5e-43a87b7a3595,Damaged,2026-07-14
R00502,1f0e69fa-c384-4615-a34f-d97901f22b63,Damaged,2025-10-22
R00503,4b69cd34-f0c1-46dc-8f85-cf9a40773ad6,Size Issue,2026-05-27
R00504,95432603-4f89-4a55-97dc-ea133adfdbf8,Wrong Product,2026-06-18
R00505,f274c5a3-cebf-4301-b6b3-8a14a8357c0e,Wrong Product,2025-11-14
R00506,8690a83b-528e-4db4-ba34-fc703932fc5f,Changed Mind,2025-08-08
R00507,d1511391-74d0-4482-baa0-02be5dddcf17,Wrong Product,2025-08-11
R00508,8d696001-72c5-4e70-ab8b-9304f60ed150,Changed Mind,2025-08-06
R00509,ba05d12e-18b5-4287-a133-62d1afdf07d6,Wrong Product,2025-12-07
R00510,1c69028c-ab4c-49cf-8f40-cfbf84838e0f,Damaged,2025-11-20
R00511,277e4dbf-d38e-41a2-9254-956927cbc07c,Damaged,2026-05-25
R00512,a31551d7-2afd-41f3-bb5c-91638e2f7601,Size Issue,2026-02-05
R00513,16f6a70d-c32f-42f3-be6d-0586a430c521,Damaged,2025-10-07
R00514,9273f93a-d31c-46f2-802d-7f3802e37dc7,Damaged,2026-01-29
R00515,fbcc83b6-a502-49b5-8438-15909c3991fc,Damaged,2025-12-23
R00516,358c5e47-2048-4de2-857f-25748e60e107,Wrong Product,2026-05-10
R00517,9ede34a5-60de-48c1-bfa8-cc93e8e2f4b5,Size Issue,2025-09-04
R00518,3066feea-ceea-4b8d-963a-6d68bc9b8dcb,Wrong Product,2026-05-05
R00519,c333fd76-77df-42d3-b48d-8b026ef305c0,Size Issue,2025-11-19
R00520,14573714-3116-4517-a3bc-a1eeaf01868c,Size Issue,2026-02-10
R00521,2bd24a9b-3639-4122-bdf5-bc1e33c9d103,Damaged,2026-06-15
R00522,9e115833-131d-4a84-a8c7-5dc043a77a1c,Size Issue,2025-07-13
R00523,b46de6c5-29dc-4a47-9cda-ee3fac30306f,Wrong Product,2025-08-25
R00524,350b6e27-c223-421a-9dd2-ace19356d4a3,Quality Issue,2026-02-08
R00525,b50887c6-8b65-4bd4-b77d-48b49d29024e,Damaged,2026-02-06
R00526,fd2d0066-1f91-4c44-93ac-9740533c2a4c,Quality Issue,2026-02-21
R00527,b9e80ee1-e0e5-41b1-8967-f5c1d6b8fc64,Quality Issue,2025-07-25
R00528,a1afac69-7a1b-497c-af80-d1d96b00e9f3,Wrong Product,2026-01-13
R00529,cde1acd8-adbb-441f-992a-e5c2ec59c13c,Wrong Product,2026-06-20
R00530,7ce09d47-4936-44a0-9d78-ce7709b3600d,Wrong Product,2026-04-24
R00531,0a9aabd9-f52f-4aa0-a9d5-ac02d81f7383,Wrong Product,2025-10-08
R00532,668b95f3-adfe-4518-b8b2-1d30c284d224,Size Issue,2025-07-23
R00533,446c3817-8316-4869-bce7-e0d69e812826,Quality Issue,2026-02-15
R00534,2d5028f7-7094-4ee6-8151-0b6ca60070f8,Wrong Product,2025-10-19
R00535,b57b9a28-e737-4b67-b16f-694592a29a73,Changed Mind,2025-07-28
R00536,7ea42513-0d59-4019-92cb-4e3b6ea96da6,Damaged,2026-04-22
R00537,0532dacf-bf9b-4e67-9a4f-c0e95369d850,Wrong Product,2026-04-12
R00538,4dc07d4e-07fc-40ce-af89-83e3e1968e35,Damaged,2025-10-06
R00539,64f5a850-8734-4465-9798-2a89642b0b26,Size Issue,2025-07-20
R00540,1431e853-b54e-48d3-8c67-f7d83aaedc6e,Quality Issue,2026-03-16
R00541,47a18bf4-0734-4192-9f03-df06df0e0a3f,Changed Mind,2026-01-17
R00542,e2e922a2-79f5-4cc1-b0fe-b7da80da336a,Quality Issue,2026-03-29
R00543,6541d518-311a-4f83-8ce2-395415f5cc01,Wrong Product,2025-10-16
R00544,adf236bc-8ebf-485f-973f-af316930646a,Wrong Product,2025-11-27
R00545,733a7786-3d5b-4da4-a1fa-f2bd03c8ee26,Wrong Product,2025-10-24
R00546,82c79cdc-e41c-4bdf-bfd4-eb8815ed5fd2,Wrong Product,2025-08-30
R00547,f96c48a3-0868-4fd1-a843-6c6cc49959e6,Changed Mind,2026-04-03
R00548,e8b1c5e7-e8f0-44c2-8d6c-fe75278d702e,Changed Mind,2025-08-23
R00549,0d50fbe0-122e-4e32-85bb-997d2407d54a,Quality Issue,2026-06-07
R00550,86ec39bb-8255-47c3-bba3-e6ab351ec85d,Wrong Product,2025-09-06
R00551,7236919c-734e-492b-8164-a3a266859137,Wrong Product,2025-08-27
R00552,c8ffdbe9-8bf0-48d2-9c79-8d572e4c2aca,Size Issue,2026-01-21
R00553,cf76803c-eeae-4e9a-b5b6-fbe086d32125,Damaged,2025-09-22
R00554,cd461ccc-0638-48cd-bee9-958f00d75dad,Wrong Product,2025-07-18
R00555,b46f5a22-074b-41b4-9feb-4f97f2a0f21f,Wrong Product,2025-07-28
R00556,bb82e718-2cb6-4793-afae-b3a53c1d9afe,Size Issue,2025-07-25
R00557,3f6db110-8fb3-4d79-ad62-4f6a0cb14615,Size Issue,2026-04-01
R00558,f6c5cf2a-538f-4b9a-ac52-84f96edd7667,Quality Issue,2026-06-08
R00559,b5669571-f99c-4cc6-a5b7-181d09838683,Damaged,2025-12-16
R00560,200e6109-ec10-4ad5-8319-be7207168bc9,Damaged,2025-10-30
R00561,bdd78a4b-498b-4274-86e7-217e39ad2191,Wrong Product,2025-10-03
R00562,c01df28a-a6ce-499a-b12d-1b3d47d9a3c2,Damaged,2026-05-01
R00563,91d309ab-d01e-412f-81d8-cfdbd626e31d,Size Issue,2026-04-12
R00564,7cbb19b1-b7e4-4b8d-896f-6a560401028c,Size Issue,2026-05-25
R00565,1be555cc-57c6-4803-ade0-6b4602309f5f,Size Issue,2025-08-24
R00566,19a5eb31-5ee3-4f72-a5a9-7e94e5964940,Wrong Product,2026-07-12
R00567,c94336d6-913c-430f-aed8-1a16624215a7,Changed Mind,2026-04-30
R00568,e4ebe456-7e54-4746-9b4f-c66b0696f7b2,Changed Mind,2026-07-08
R00569,5a89bbe4-0614-49c9-b419-9b5408c5a1cc,Wrong Product,2025-08-13
R00570,d20e8599-3ad0-4e07-b745-7b3b744d8e84,Wrong Product,2026-06-24
R00571,94610e40-49ec-4fbb-8ce7-7cdc316345cd,Damaged,2026-01-12
R00572,2345e23c-f554-4cfc-9d19-438cc6360235,Quality Issue,2025-11-27
R00573,b02972c6-3b88-4bf3-809f-7dd3565af8af,Changed Mind,2026-05-15
R00574,2e5a0a4c-d60b-4512-afca-8bc9284f7d3b,Damaged,2026-07-12
R00575,8d926ae2-976e-4b13-afb1-866c41ecfca2,Quality Issue,2025-09-09
R00576,ef2b8daa-751a-4387-b04f-5d3f42691083,Changed Mind,2026-05-12
R00577,3b10ff95-bd28-4e33-8fb6-09efed018fe2,Quality Issue,2026-03-03
R00578,70c86a85-21ef-4ccd-8ba9-1cbee8de2def,Damaged,2025-07-24
R00579,a2c1fdb0-c318-46a6-a4a5-e38e3e543de6,Wrong Product,2026-05-09
R00580,c1434e3a-11a1-49a9-bfe9-8979b5692bed,Damaged,2026-02-09
R00581,f890f485-0f23-4fcd-9044-55ec65ea6f01,Changed Mind,2026-07-02
R00582,1716387b-930f-4fd4-9f31-723b64ef5710,Wrong Product,2025-09-11
R00583,5217d89f-6a41-496d-8ebb-f0d6193f8d96,Damaged,2025-08-16
R00584,284218b1-9b42-4da4-8691-7e14e86a2241,Damaged,2026-03-20
R00585,521483d9-e4b4-4d04-bc61-31e6d99a070e,Wrong Product,2025-09-04
R00586,e1141828-820f-4c11-a5b8-0720d6f5961e,Wrong Product,2026-03-12
R00587,0bd61624-90e6-45c1-8be1-2a181d0f6f8d,Damaged,2025-12-10
R00588,4bd3481f-7416-4f5b-b456-1938fac5e1f8,Damaged,2025-08-01
R00589,6eb6d1cb-a418-4c89-ab00-4c68e6876a27,Size Issue,2026-02-03
R00590,c2b1655a-8799-47b6-9685-d5b0c0312b31,Size Issue,2025-10-27
R00591,12079503-735c-4225-ba26-9a50a203d2cd,Damaged,2026-04-29
R00592,fed8a750-22e0-4f3f-b97c-4cd5ef46f0ae,Wrong Product,2026-06-12
R00593,036c98ac-7837-4a61-adaa-abc2705db9c7,Wrong Product,2026-03-10
R00594,e1bd0863-ccd2-4524-9542-e0f8cdfff624,Size Issue,2025-10-22
R00595,c7072cf2-852d-4bfd-8e96-f46d5d08527e,Quality Issue,2025-12-16
R00596,d1b910f1-e038-4955-ab57-335493e7305f,Wrong Product,2026-01-29
R00597,e5265861-c9e5-4ddb-957f-7eca14ca3810,Damaged,2025-08-12
R00598,61c2afa1-1a60-4715-80a6-1b4847829ac7,Damaged,2025-07-28
R00599,2deb8d25-9d72-4814-9b2a-a1a99fe6518d,Size Issue,2025-11-25
R00600,65db86f3-0e09-46a1-b559-531e4a395268,Quality Issue,2025-11-03
R00601,1a0d9581-888d-4a00-b7bc-5de4919dd63e,Quality Issue,2025-09-06
R00602,721ee312-d5f0-426f-a621-9927826168c1,Damaged,2025-12-12
R00603,88076404-42ba-4ee3-8103-1497b4dd5963,Changed Mind,2025-09-20
R00604,cc229e85-3ff6-4448-992b-6c81759d6c64,Size Issue,2025-08-30
R00605,cf272f47-e0ff-495c-a3c0-9c87fc4238fc,Quality Issue,2025-09-24
R00606,f2f843da-cabe-49bc-8e21-4e3b1b411d7a,Quality Issue,2025-09-19
R00607,a4676563-060b-4255-b255-cabd4d8e1de2,Size Issue,2025-10-21
R00608,86669936-7db7-441f-a479-f3f2d2d56ce9,Quality Issue,2025-09-27
R00609,e158cdd5-3570-4a46-a9dd-b8b26bb57fc4,Size Issue,2026-06-13
R00610,b5fe4ffd-2532-481d-8a7f-9651b3a6591c,Size Issue,2026-04-13
R00611,22ba44cc-1868-4797-bebb-9f8315aeebf3,Changed Mind,2025-09-14
R00612,83d020bb-ff42-4591-b1d0-f32d786d107f,Changed Mind,2025-09-02
R00613,e45b2a5e-ea4c-4ad7-9464-29a48f1e3191,Damaged,2025-11-17
R00614,ad55b9a9-ee73-4812-93c5-1ba2b985cdef,Quality Issue,2026-03-05
R00615,a0509426-74fa-4836-8cba-9f8f489a962d,Changed Mind,2025-11-17
R00616,ab73f7b9-ad73-4dae-90c7-a9c78e0af7e8,Damaged,2026-05-02
R00617,e15e5f6f-c01d-4926-87ca-5d79135eef03,Quality Issue,2026-05-11
R00618,5b86c4a2-6385-4113-b930-0c1ed57a23a7,Quality Issue,2026-06-13
R00619,e06d15c5-fb65-4690-8f2c-f773e4c80e2d,Damaged,2025-07-22
R00620,452eb2e4-8e4b-4c5f-963f-c29114fcec5e,Size Issue,2025-11-25
R00621,cea8f2ef-01bd-426a-95cf-f8fe5a401aff,Changed Mind,2025-12-17
R00622,901a5e4c-c1d9-4277-bfe4-2bf425eb0923,Damaged,2026-03-24
R00623,27e681b5-6159-42b7-80cb-83175bcc131e,Quality Issue,2025-12-24
R00624,f340af9b-a4d3-4c81-9510-00f114986e8d,Quality Issue,2026-02-11
R00625,8332c207-caf1-4355-b7cc-0728ace373cc,Quality Issue,2026-01-29
R00626,4c0a361e-6636-4430-acc1-562b3dc581e1,Quality Issue,2025-08-12
R00627,46ffc25f-562c-4dd3-bb40-98d5391bfbfa,Size Issue,2025-12-24
R00628,326e223f-21ab-4bd9-af45-c03cd2aa6f62,Quality Issue,2025-08-01
R00629,43dbe732-a8ce-4cc2-84b3-979413a009ab,Damaged,2025-10-12
R00630,53b652c0-eb4a-4c1b-ac93-d2d29140038b,Wrong Product,2026-04-10
R00631,39809689-5191-4884-b6bd-fe226e320f85,Size Issue,2026-01-08
R00632,248338cf-fea0-448a-9e15-a4ce59b899fd,Damaged,2026-06-11
R00633,77885756-7beb-4aeb-917e-c88ce27c5bb5,Changed Mind,2026-01-03
R00634,7c7b277f-900a-406c-afa2-c9ba3dd7701b,Wrong Product,2026-01-13
R00635,827bc233-c7eb-44f9-a0b0-75f3dfc158f7,Wrong Product,2025-07-26
R00636,7bff4107-0593-4946-8eee-cc7feb1202e0,Changed Mind,2026-04-11
R00637,d12f068f-054b-486b-8001-6899724fa738,Damaged,2025-10-07
R00638,4c97f9a8-a1ba-4933-80c3-95bf84864f12,Damaged,2026-04-18
R00639,478d6878-060a-488b-813f-1f113f383105,Changed Mind,2026-06-09
R00640,8d2abb64-b182-428b-bfe5-df3de61b617c,Damaged,2025-09-13
R00641,c6dcf963-da8f-4347-bc3a-4079b14fd41b,Damaged,2025-08-30
R00642,1ecd4bc9-df88-47f2-b39b-11b5a13955b1,Damaged,2026-06-28
R00643,0ac9ca73-3562-4102-8ba8-1d6d316aeec5,Wrong Product,2025-11-29
R00644,cba5ca38-d454-46d9-97b7-c23ccd947786,Changed Mind,2025-10-29
R00645,753110a1-e31b-40ca-9623-8c69d3bc1ff7,Damaged,2026-04-09
R00646,3918f45a-7f36-418a-a2b1-2e9cb916ea92,Changed Mind,2025-10-28
R00647,3454c7da-1fb8-4770-941a-1cfc8578284f,Quality Issue,2025-12-21
R00648,7ecbfcd1-4e21-4f63-b432-d672d329ca3a,Size Issue,2025-10-31
R00649,59deaa14-973d-419e-885d-4aae813f012b,Changed Mind,2026-06-21
R00650,44490e1b-ad98-4d39-ae87-1d34847638c6,Quality Issue,2026-01-25
R00651,46965b59-cecf-42a5-83df-d25f076c8c85,Quality Issue,2025-08-02
R00652,b7f9381c-b4ae-4168-ac99-36ba1c1c39e6,Wrong Product,2026-02-21
R00653,e3074994-b130-489a-b607-da9859a9e0ef,Damaged,2026-01-14
R00654,27b30c61-d38f-4dc6-a60f-dd67c49c123b,Damaged,2026-02-12
R00655,9a8c7a73-3653-413c-ac19-cec09b73beeb,Changed Mind,2026-01-23
R00656,b5bc679f-e5f2-4cfb-84b8-0cd16f59ee20,Quality Issue,2025-08-09
R00657,5b9acd4c-0737-479e-a994-e4cc10ebdf7e,Wrong Product,2025-08-05
R00658,b78c5685-bb13-4010-a8e1-1ac95753e6b7,Wrong Product,2025-09-29
R00659,e1c8a8ba-32ff-45ef-9423-e93f9174be83,Damaged,2026-02-07
R00660,cf8396b3-f746-4905-b14b-1ffd4d8fd1ad,Quality Issue,2026-06-14
R00661,c5540b79-3914-4914-a69f-e49dc75d6e5c,Damaged,2026-01-10
R00662,a379cee0-45f5-4c82-9a49-60b82e4510f2,Wrong Product,2025-09-05
R00663,64a53f87-1e27-408a-a280-86a4a5bd8f21,Damaged,2026-05-07
R00664,2d2ad5e8-b3e9-4615-aad3-81de87bebe72,Quality Issue,2026-05-31
R00665,83bffe30-98b6-43ef-97f5-1513e6e788d5,Size Issue,2026-01-03
R00666,2cf68b8c-f865-4ccc-8cd6-8d4c8cce088a,Changed Mind,2026-04-21
R00667,d3a298ac-d718-4a0e-9112-59aaddbcccd0,Size Issue,2025-08-10
R00668,7726e628-cc81-4578-bc68-fc64dab0bddf,Size Issue,2026-04-20
R00669,542f73f7-242e-4472-857d-3f8af204e4e3,Changed Mind,2025-10-17
R00670,808e0ff2-1c65-45a5-b044-bf12859974be,Damaged,2026-01-06
R00671,341749f9-aec3-4c23-992b-985775319cfc,Wrong Product,2025-11-26
R00672,fd592a6e-7999-4a8e-b75d-dd2dfc259213,Quality Issue,2025-08-21
R00673,3f4e8fb5-e83a-4a75-886a-2b659bffa0ed,Changed Mind,2026-06-18
R00674,06c98cf2-b878-4e04-862e-e36f561a7371,Damaged,2025-09-16
R00675,3c98b10b-f3f7-49a9-9450-d342abfa758c,Damaged,2025-10-06
R00676,d03ecd40-fbfc-4fc6-8f98-776b9c0ba35f,Quality Issue,2026-05-26
R00677,e2e729e9-a26f-4642-baa9-143c81540c15,Quality Issue,2026-05-08
R00678,c2776f42-91bf-4898-bf2e-533207ceab2e,Damaged,2025-12-13
R00679,d871c4a5-9c2b-4223-9a7b-5a38dab06a19,Changed Mind,2026-07-09
R00680,a834864c-2217-4f9d-82b5-b089ec6ed675,Changed Mind,2026-04-12
R00681,9c69fd12-eb70-4612-ab67-c45cd555dd4b,Wrong Product,2025-12-18
